{
    "criteria": {
        "requirement": {
            "trigger": "minecraft:tick",
            "conditions": {
                "player": [
                    {
                        "condition": "minecraft:value_check",
                        "value": {
                            "type": "minecraft:score",
                            "target": {
                                "type": "minecraft:fixed",
                                "name": "#stoppreventing"
                            },
                            "score": "countdown"
                        },
                        "range": 0
                    }
                ]
            }
        }
    },
    "rewards": {
        "function": "countdown:prevent_actions"
    }
}
