{
    "criteria": {
        "requirement": {
            "trigger": "minecraft:tick",
            "conditions": {
                "player": [
                    {
                        "condition": "minecraft:entity_properties",
                        "entity": "this",
                        "predicate": {
                            "periodic_tick": 2
                        }
                    },
                    {
                        "condition": "minecraft:entity_scores",
                        "entity": "this",
                        "scores": {
                            "set_model_data": {
                                "min": 0,
                                "max": 1000000
                            }
                        }
                    }
                ]
            }
        }
    },
    "rewards": {
        "function": "cpi:set_model_data"
    }
}
